wavelength,Red,Green,Blue
400,0.1010273973,0.0804794521,0.4589041096
450,0.0239726027,0.0616438356,0.7876712329
500,0.0445205479,0.926369863,0.4897260274
550,0.0479452055,0.948630137,0.0787671233
600,0.9366438356,0.4914383562,0.0342465753
650,0.7962328767,0.154109589,0.051369863
700,0.6386986301,0.2910958904,0.0856164384
